title,description
Engineer II,Bailey Inc
Recruiting Manager,Tromp and Sons
Senior Cost Accountant,"Brekke, Bartell and Willms"
Nuclear Power Engineer,Hahn-Blanda
Senior Developer,Brakus-Paucek
Recruiter,Gerhold Group
Occupational Therapist,Bernier-Jacobi
Account Representative I,VonRueden LLC
Actuary,"Cassin, Leffler and Kunze"
Human Resources Manager,"Ziemann, Jast and Cummerata"
Administrative Officer,Hilpert-Padberg
Assistant Professor,"Bauch, Gislason and Stokes"
Administrative Officer,"Muller, Crooks and Carter"
GIS Technical Architect,Fadel Inc
Civil Engineer,"Romaguera, Kuvalis and Hettinger"
Legal Assistant,Bergstrom LLC
Operator,Hermann LLC
Geologist IV,Wisozk-Wilderman
Geological Engineer,McClure LLC
Compensation Analyst,"Schultz, Brakus and Baumbach"
Statistician IV,Durgan-Purdy
Quality Engineer,Cremin LLC
Financial Analyst,Trantow Inc
Staff Scientist,Powlowski Group
Design Engineer,Fay-Quigley
Dental Hygienist,O'Conner-Kautzer
Account Coordinator,Gerlach Inc
Accounting Assistant III,Lubowitz-Parker
Senior Cost Accountant,Ruecker Group
Sales Representative,Bartoletti-Schultz
Product Engineer,Hand and Sons
Senior Quality Engineer,Boehm Inc
Programmer Analyst III,Predovic-Runte
Financial Analyst,Price and Sons
Product Engineer,Gusikowski-Labadie
Database Administrator I,"Bernier, Kihn and Runolfsson"
Analog Circuit Design manager,Kilback-Borer
Sales Representative,Hudson-Conroy
VP Marketing,Lemke-Mueller
Senior Developer,"Adams, Paucek and Ryan"
Assistant Manager,Hintz Group
Business Systems Development Analyst,King Inc
Financial Advisor,Braun-Kassulke
Technical Writer,Weimann and Sons
Project Manager,Howell-Daugherty
Business Systems Development Analyst,Mayert and Sons
Librarian,"Herzog, Beer and Goldner"
Librarian,"Gibson, Glover and McGlynn"
Software Test Engineer IV,McCullough and Sons
Mechanical Systems Engineer,Crist-Muller
Food Chemist,"Grimes, Hyatt and Moen"
Recruiting Manager,Prosacco-Wilderman
Environmental Specialist,Torphy-Konopelski
Librarian,Veum Inc
Junior Executive,Shields-Barton
Staff Accountant IV,Swift Group
Research Nurse,Bartell-Parisian
VP Quality Control,Huel-Harris
Desktop Support Technician,Abernathy-Wuckert
Marketing Manager,Orn LLC
Paralegal,Schuster and Sons
Administrative Officer,"Green, Turner and Hirthe"
Sales Representative,Dibbert-Jacobi
Senior Financial Analyst,Greenfelder-Parker
VP Product Management,Gerhold-Harber
Help Desk Operator,Smitham-Ankunding
Assistant Media Planner,Schaden-Swaniawski
Web Designer IV,Weimann-Wunsch
Health Coach I,Wolff-Goyette
Occupational Therapist,Thompson-Reinger
Research Assistant III,"Strosin, Schneider and O'Keefe"
Speech Pathologist,Hackett-Parisian
Automation Specialist III,McClure-Glover
Payment Adjustment Coordinator,"Champlin, Bernier and Stiedemann"
Actuary,Labadie-Kozey
Environmental Tech,Funk-Metz
Software Consultant,"MacGyver, Dietrich and Volkman"
Design Engineer,Dare LLC
GIS Technical Architect,Feil Group
Chemical Engineer,Dach Inc
Design Engineer,"O'Kon, Wyman and Lesch"
Senior Cost Accountant,"Wiza, Flatley and Leffler"
Statistician IV,Roberts Group
Professor,Donnelly LLC
Mechanical Systems Engineer,"Roberts, Hand and Feest"
Human Resources Assistant I,Jacobs-Senger
Pharmacist,Steuber LLC
Developer IV,Waelchi-Schroeder
Nurse,Kulas LLC
Research Nurse,"Douglas, Yundt and Sauer"
Compensation Analyst,Feeney-Frami
Marketing Assistant,Gleichner-Altenwerth
Staff Scientist,Dach Inc
Pharmacist,Paucek Group
VP Accounting,D'Amore Inc
Data Coordinator,Altenwerth-Dare
Accounting Assistant III,Kessler-Kutch
Research Assistant II,Christiansen-Wisoky
Business Systems Development Analyst,"Boehm, Johnston and Kassulke"
Account Coordinator,Abernathy-Bergstrom
Assistant Professor,Greenfelder Group
Operator,Littel-Boyer
Systems Administrator III,Rippin LLC
Software Consultant,Kihn LLC
Technical Writer,"Osinski, Wyman and Little"
Food Chemist,Bauch-Turner
Recruiter,"Nolan, Kunze and Batz"
Design Engineer,Sanford Inc
Geological Engineer,"Robel, Will and Fisher"
Product Engineer,Ziemann and Sons
Research Nurse,"Hegmann, Zulauf and Grant"
Biostatistician II,Haley LLC
Financial Advisor,"Bruen, Dooley and Koss"
Analyst Programmer,"Reichert, Goldner and Stehr"
VP Marketing,"Cartwright, Brakus and Prohaska"
Graphic Designer,Brakus Inc
Programmer Analyst II,"Leuschke, Barrows and MacGyver"
Marketing Assistant,Collier-Stracke
Registered Nurse,"Wolff, Reilly and Spencer"
Budget/Accounting Analyst IV,Cremin-Greenfelder
GIS Technical Architect,Block Inc
Developer IV,Mraz-Walsh
Web Developer III,Berge Inc
Occupational Therapist,Mosciski Inc
Systems Administrator II,"Cormier, Hermann and Koelpin"
Information Systems Manager,Ferry-Homenick
Human Resources Manager,Langworth-Stamm
Product Engineer,Lakin-Howe
Geologist III,Bailey and Sons
Account Coordinator,Jenkins LLC
Marketing Manager,"Hettinger, Beier and Yundt"
Statistician IV,Haag Inc
Pharmacist,"Gleichner, Sawayn and Zulauf"
VP Quality Control,Schiller-Rosenbaum
Software Consultant,Bernier-Zieme
Librarian,"White, Heaney and Franecki"
Dental Hygienist,Ratke-Davis
Information Systems Manager,Welch Group
Sales Representative,Schuster and Sons
Librarian,Kovacek LLC
GIS Technical Architect,Mayert LLC
Junior Executive,Rutherford-McDermott
Database Administrator III,"Hamill, Kuhic and Walter"
Senior Developer,Bosco Inc
Chief Design Engineer,"Runolfsson, Kris and Beahan"
Editor,Fadel Group
Actuary,Blick-Runte
Account Executive,Rolfson-Ondricka
Recruiting Manager,Larkin-Nikolaus
Technical Writer,"Roob, Collier and Mann"
Librarian,Dickinson Inc
Structural Analysis Engineer,Wiza Inc
Paralegal,"Mitchell, Nikolaus and Beahan"
Senior Cost Accountant,"Tremblay, Gottlieb and Feest"
Nuclear Power Engineer,Goyette Group
Structural Engineer,Fritsch-Spinka
Junior Executive,Wiza Group
Paralegal,Johnson Group
Electrical Engineer,"Hammes, Gusikowski and Dooley"
Internal Auditor,Padberg Group
Senior Developer,Brekke Inc
Account Representative I,"Daugherty, Franecki and Rosenbaum"
Compensation Analyst,"Sporer, McClure and Koepp"
Dental Hygienist,"Bruen, Casper and Mann"
Senior Cost Accountant,Gislason-Hamill
Nurse,Rolfson Inc
Media Manager III,"Langworth, Kautzer and Ruecker"
Senior Sales Associate,Lueilwitz-Hilll
Operator,"Lang, Kuhic and Stroman"
Analyst Programmer,Hoppe Group
Biostatistician III,D'Amore Group
Information Systems Manager,Wiegand-Fay
Account Executive,"Wilkinson, Ernser and VonRueden"
VP Product Management,"Hyatt, Jacobson and Wehner"
Food Chemist,"Berge, Ziemann and Mante"
Office Assistant II,Grimes LLC
Librarian,"Doyle, Kunze and Hansen"
Dental Hygienist,"Bahringer, Langosh and Raynor"
Recruiting Manager,Ortiz Inc
Clinical Specialist,Price-Rodriguez
Software Engineer I,"Bashirian, Johns and Bernhard"
Editor,King and Sons
Research Associate,Bailey-Little
Marketing Manager,Kilback Inc
Geologist III,Kassulke-Grimes
Biostatistician II,"Gusikowski, Sporer and D'Amore"
Editor,Harvey Group
Quality Engineer,Gottlieb and Sons
Human Resources Assistant IV,Hermiston Group
Analog Circuit Design manager,"DuBuque, Corwin and Kilback"
Administrative Officer,Yundt Group
Web Designer III,Paucek LLC
Financial Advisor,McClure-Beatty
Research Associate,Anderson-Bechtelar
Research Nurse,Ullrich LLC
Business Systems Development Analyst,"Bruen, Hickle and Hermiston"
Mechanical Systems Engineer,Davis-Runolfsson
Assistant Professor,Conroy Group
Environmental Specialist,Grady LLC
Civil Engineer,"Mitchell, Langosh and Hoeger"
Software Test Engineer III,Zemlak LLC
Account Representative II,Pouros-Skiles
Project Manager,Rau-Pfannerstill
Research Assistant III,"Ledner, Windler and Hoppe"
Research Associate,Bashirian-Ferry
Developer II,Bradtke-Spinka
Statistician III,Moen-Fay
Tax Accountant,Kilback Group
Design Engineer,"Predovic, Padberg and Hodkiewicz"
Structural Analysis Engineer,Smith Group
Nuclear Power Engineer,"O'Connell, Mann and Bashirian"
Geological Engineer,Gibson-Ryan
Help Desk Operator,"Crooks, Klein and Quitzon"
Administrative Assistant II,Oberbrunner and Sons
Actuary,"Feeney, Stamm and Rosenbaum"
Professor,"Frami, Bashirian and Powlowski"
Teacher,Quitzon Group
Senior Financial Analyst,"Kuphal, Dicki and Braun"
Media Manager I,"Vandervort, Zboncak and Hintz"
Senior Editor,Reinger LLC
Senior Editor,Schulist Inc
Social Worker,Leuschke-Schmidt
Human Resources Manager,Beahan-Schinner
Librarian,Gusikowski-Huels
Media Manager II,"Cormier, Dooley and Skiles"
Structural Engineer,"Grant, Shields and Rohan"
Mechanical Systems Engineer,Harber-Doyle
Business Systems Development Analyst,Jacobson and Sons
Biostatistician II,Romaguera-Hayes
Senior Developer,Jerde and Sons
Research Assistant IV,"Ferry, Parker and Hyatt"
Nuclear Power Engineer,"Satterfield, Kilback and Jacobs"
Media Manager II,"McCullough, Schneider and Hahn"
GIS Technical Architect,"Kuhic, Tillman and McKenzie"
Staff Scientist,Homenick Inc
Civil Engineer,Tremblay-Legros
Data Coordinator,Yundt-Bahringer
Account Executive,Kunde-Emmerich
Media Manager II,Cummings-Hoppe
Marketing Assistant,Conroy-Harris
Analog Circuit Design manager,Huels and Sons
Environmental Specialist,Abshire-Torp
Nurse,"Prosacco, Dooley and Berge"
Media Manager I,Cole-Prosacco
Cost Accountant,Gislason LLC
Structural Analysis Engineer,Mills-Langosh
Executive Secretary,Moore Group
Help Desk Technician,Hahn LLC
Programmer I,"Dibbert, Metz and Bins"
Social Worker,"Smitham, Nicolas and Gislason"
Nurse,"Donnelly, Hettinger and Flatley"
Actuary,"Davis, Padberg and Turner"
Assistant Manager,Gottlieb and Sons
VP Quality Control,Lueilwitz LLC
Sales Associate,DuBuque LLC
Health Coach IV,"Murray, Dach and Legros"
Financial Advisor,Runolfsdottir Inc
Systems Administrator IV,"Donnelly, O'Keefe and Maggio"
Programmer I,Kling LLC
Product Engineer,"Raynor, Kris and Abernathy"
Food Chemist,Emard Group
Senior Financial Analyst,Zulauf LLC
VP Marketing,Cassin-Olson
Dental Hygienist,Schroeder and Sons
Automation Specialist II,"Waelchi, Stroman and Kuhic"
Physical Therapy Assistant,"Moore, Rogahn and Connelly"
Civil Engineer,"Zulauf, Schumm and Wuckert"
Nuclear Power Engineer,Stamm-Tremblay
Administrative Officer,Miller Group
Senior Quality Engineer,Hintz-Hagenes
VP Accounting,Leffler-Block
Occupational Therapist,"Crist, Johnson and Hickle"
Product Engineer,"Ratke, Haag and Ullrich"
Recruiting Manager,"Wisoky, Corwin and Osinski"
Physical Therapy Assistant,DuBuque-Daniel
GIS Technical Architect,"Kling, O'Connell and Hagenes"
Sales Representative,"Schumm, Balistreri and Gusikowski"
Recruiter,"Strosin, Shanahan and Wiza"
Community Outreach Specialist,"Johnston, Swift and Kautzer"
VP Accounting,Mraz and Sons
Programmer IV,Ortiz Inc
Budget/Accounting Analyst IV,"Pagac, Walsh and Fay"
Safety Technician IV,"Legros, Kling and Kohler"
Community Outreach Specialist,"Davis, Ankunding and Dickens"
VP Marketing,Green-Hansen
Automation Specialist I,Brekke Group
Electrical Engineer,Bosco-D'Amore
Research Associate,Harris LLC
VP Marketing,Walter-Reichert
Project Manager,Gerhold-Kuhn
Statistician III,"Dietrich, Rogahn and Homenick"
Design Engineer,"Zboncak, Schiller and Lind"
Nurse Practicioner,"Ebert, Rempel and Reichert"
Data Coordinator,"Kling, Kunde and Luettgen"
Internal Auditor,"Walter, Connelly and Miller"
Pharmacist,Keeling Group
Junior Executive,Stracke-Wolff
Food Chemist,Becker Inc
Geological Engineer,Barrows LLC
Software Engineer III,Moore Inc
Programmer Analyst III,Daniel-Reichert
Senior Editor,Glover LLC
VP Quality Control,"Halvorson, Turcotte and Stark"
Staff Accountant IV,Bayer-Zieme
Chief Design Engineer,MacGyver Group
Cost Accountant,Bernhard-Shields
Accountant I,"Krajcik, Skiles and Jakubowski"
Statistician III,Ankunding LLC
Systems Administrator II,Ondricka and Sons
Programmer Analyst III,Stehr-Mayer
Cost Accountant,Roberts-Collins
Programmer IV,Romaguera-Oberbrunner
Computer Systems Analyst IV,"Barton, MacGyver and Greenholt"
Chemical Engineer,Huels Group
VP Sales,Rempel-Roberts
Help Desk Operator,"Smitham, Witting and Donnelly"
Technical Writer,Jacobs LLC
Software Engineer III,Howe Inc
Pharmacist,Cummings-Watsica
Research Nurse,VonRueden Inc
Marketing Assistant,"Cruickshank, Huel and West"
Pharmacist,Mertz Inc
Research Associate,Huels-Schiller
Executive Secretary,Langosh and Sons
Professor,Schoen-Marvin
Systems Administrator I,Weissnat-Grady
Web Designer III,"Hane, Gulgowski and Weissnat"
Help Desk Technician,Becker LLC
Analog Circuit Design manager,Prohaska Group
Quality Control Specialist,Russel-Johns
Research Assistant IV,"Swift, Hermiston and Schultz"
Analog Circuit Design manager,Weimann-Leuschke
Office Assistant II,O'Reilly-Schamberger
VP Accounting,Beahan LLC
Tax Accountant,O'Kon-Jaskolski
Database Administrator IV,Hammes-Donnelly
Speech Pathologist,"Pfannerstill, Labadie and Brekke"
Senior Developer,Satterfield-Collins
Data Coordinator,Wyman and Sons
Office Assistant I,Volkman LLC
Budget/Accounting Analyst I,Gerlach-Romaguera
Software Engineer I,"Ernser, Kohler and Gutkowski"
Environmental Tech,Kunze-Langworth
Legal Assistant,Wiegand-Howe
Design Engineer,"Stroman, Heidenreich and Hintz"
General Manager,Sporer Group
Chemical Engineer,"Windler, Torphy and Kovacek"
Automation Specialist I,Terry and Sons
Environmental Specialist,Marvin and Sons
Budget/Accounting Analyst I,Schneider-Langworth
Staff Scientist,"Wilkinson, Kuhic and Ferry"
Accountant I,Rath Group
Programmer Analyst I,Jakubowski and Sons
Project Manager,Kuphal Group
Environmental Specialist,Reilly Inc
Administrative Officer,Monahan-Rice
VP Product Management,Blick-West
Occupational Therapist,Hodkiewicz-Fay
Nurse,"Bashirian, Turner and Konopelski"
Automation Specialist II,Kuhlman-McGlynn
Help Desk Operator,"Quitzon, Von and Wilderman"
Engineer I,Pollich-Upton
Editor,Steuber-Bartell
Web Developer IV,Aufderhar Group
Senior Developer,"Shields, Haag and Hansen"
Speech Pathologist,Raynor-Haag
Director of Sales,Schultz-Kris
Systems Administrator I,"Gusikowski, Krajcik and Grimes"
Graphic Designer,"Howell, Lind and Koss"
Quality Engineer,Cronin-Greenholt
Administrative Assistant III,Runolfsson Inc
Business Systems Development Analyst,Mitchell-Sawayn
Operator,"Reichert, Romaguera and Baumbach"
Staff Scientist,McLaughlin-Prosacco
Media Manager IV,"Bosco, Buckridge and Borer"
Design Engineer,"Conroy, Beier and Kris"
Accounting Assistant IV,"Cruickshank, Nolan and Christiansen"
Civil Engineer,Mann-Kohler
Recruiter,"Hayes, Veum and Schimmel"
Senior Sales Associate,Little Inc
Senior Quality Engineer,Christiansen-Bosco
Software Test Engineer II,Hagenes-Schoen
GIS Technical Architect,"Hintz, Kihn and Senger"
Director of Sales,"Gerlach, Kutch and Mosciski"
Staff Accountant II,"Smitham, Osinski and Raynor"
Administrative Assistant IV,Renner Group
Chief Design Engineer,Zieme Inc
Programmer II,Schowalter and Sons
Software Engineer I,"Ebert, Leuschke and Jacobson"
Safety Technician III,"Stamm, Watsica and Kiehn"
Geological Engineer,"Jacobson, Will and Nikolaus"
Mechanical Systems Engineer,"Heaney, Denesik and Rutherford"
Dental Hygienist,Kuhn Inc
Clinical Specialist,Greenfelder LLC
Recruiter,"Koelpin, Dickinson and Barrows"
VP Product Management,Glover Inc
Analyst Programmer,"Maggio, Gleichner and Breitenberg"
Product Engineer,Lynch-Lind
Health Coach III,"Konopelski, Becker and Sanford"
Senior Sales Associate,"Kautzer, Koch and Williamson"
Compensation Analyst,Donnelly Inc
Nurse Practicioner,"Gutmann, Torphy and Kuhic"
Statistician III,Roberts Inc
Senior Sales Associate,Steuber-Lemke
Recruiter,Grimes Inc
Sales Representative,Hegmann-Braun
Quality Control Specialist,"Kemmer, Lynch and Ziemann"
Programmer Analyst II,Bernhard Group
Compensation Analyst,Gutkowski-Harris
Accounting Assistant IV,Dicki Inc
Office Assistant I,Hansen-Kihn
Desktop Support Technician,Cole and Sons
Staff Accountant I,"Walsh, Witting and Abernathy"
Recruiting Manager,"Okuneva, Parisian and Kling"
Software Test Engineer III,"Cole, Prosacco and Heathcote"
Mechanical Systems Engineer,Flatley and Sons
Operator,"Bauch, Predovic and Cole"
Statistician II,Cassin Group
Structural Analysis Engineer,Connelly-Hermiston
Nurse Practicioner,"Fisher, Feest and Waters"
VP Product Management,Fritsch-Bruen
Legal Assistant,"Huels, Dicki and Smith"
Pharmacist,Jakubowski and Sons
Food Chemist,Kutch-Zemlak
Biostatistician II,Schmitt and Sons
Engineer II,Brown-Reichel
Product Engineer,Paucek Inc
Senior Quality Engineer,"Reichert, Kuphal and Hahn"
Technical Writer,Green Group
Programmer III,"Grady, Moore and Grant"
Account Representative IV,Hyatt-Johnson
Senior Financial Analyst,Schiller Inc
Professor,"Rutherford, Mitchell and Pouros"
Actuary,Reichel-Heidenreich
Senior Financial Analyst,Yost LLC
Assistant Professor,Langworth LLC
Senior Cost Accountant,Renner-Kuhic
Structural Engineer,Rempel-Corwin
Research Nurse,"Robel, Tillman and O'Reilly"
VP Product Management,"O'Kon, Larson and Beier"
Clinical Specialist,Lehner-Braun
Technical Writer,Beer LLC
Professor,Medhurst-King
Office Assistant III,"Kutch, Kshlerin and Medhurst"
Office Assistant II,Torphy LLC
Cost Accountant,Bailey-Smitham
Web Developer IV,"Lakin, Rowe and Ledner"
Structural Engineer,Tremblay-Frami
Senior Cost Accountant,Friesen LLC
Office Assistant III,Emard-Mills
Database Administrator IV,Kessler-Zboncak
Help Desk Technician,"Mraz, Gibson and Nicolas"
Dental Hygienist,Von and Sons
Help Desk Technician,"Cole, Mann and Zemlak"
VP Quality Control,Ullrich and Sons
Data Coordinator,"Cassin, Dickens and Larson"
Research Assistant IV,Brakus-Hills
Staff Scientist,Dickens Group
Director of Sales,Hegmann Inc
Junior Executive,"Kertzmann, Nitzsche and Metz"
Safety Technician II,Roob-Fritsch
Chemical Engineer,"Yundt, Fritsch and Pollich"
VP Accounting,Hessel LLC
Administrative Officer,"Beer, Blanda and Howell"
Quality Engineer,"Kuhlman, Hyatt and Mante"
Director of Sales,Kuhn-Bahringer
Internal Auditor,Hills-Heidenreich
Design Engineer,Beatty-Rohan
Legal Assistant,"Sipes, Medhurst and Aufderhar"
Physical Therapy Assistant,"Jerde, Kautzer and Lebsack"
Systems Administrator IV,Klocko-Morissette
Director of Sales,"Klocko, Olson and Streich"
Senior Sales Associate,"Cremin, Wiegand and Hauck"
Associate Professor,Douglas Group
GIS Technical Architect,"Greenfelder, Hilpert and Blick"
Account Coordinator,Cremin Inc
Senior Quality Engineer,Jerde-Kuvalis
Executive Secretary,Kunde Inc
Health Coach IV,Reynolds and Sons
Product Engineer,Parisian-Carroll
Marketing Manager,"Koepp, Ortiz and Spencer"
Payment Adjustment Coordinator,Gislason and Sons
Information Systems Manager,"Fisher, Jacobs and Brakus"
Mechanical Systems Engineer,Lehner Group
Graphic Designer,"Towne, Morar and Veum"
Environmental Specialist,Williamson-Wilkinson
Payment Adjustment Coordinator,"Price, Mraz and Reichert"
Food Chemist,Satterfield Group
Professor,"Muller, Jacobi and Thiel"
Accounting Assistant II,Beer-Roberts
Physical Therapy Assistant,Windler and Sons
Office Assistant I,Marvin-Ernser
Analog Circuit Design manager,"Mertz, Brown and Hirthe"
Database Administrator I,Haley-Stracke
Compensation Analyst,Walker and Sons
Data Coordinator,Bogan-Farrell
Food Chemist,Kris-Doyle
Office Assistant I,"Hills, Collier and Bruen"
Community Outreach Specialist,Bahringer Group
Administrative Assistant IV,"Fisher, Gerlach and Kozey"
Research Associate,Goyette-Kuphal
Assistant Media Planner,Legros and Sons
Recruiter,"Hegmann, Schoen and Smitham"
Human Resources Manager,Konopelski Group
Account Representative III,"Wisoky, Nicolas and O'Keefe"
Assistant Professor,Kozey-Berge
Administrative Officer,Ullrich-Moore
Staff Scientist,Kris-Zemlak
Product Engineer,"Rempel, Schimmel and Kihn"
Structural Engineer,Koss-Hahn
Senior Cost Accountant,"Bauch, Hartmann and Kunde"
Software Engineer III,Bashirian and Sons
Desktop Support Technician,Upton-Mante
Research Assistant I,Fahey and Sons
Executive Secretary,"Trantow, Bahringer and Bode"
Media Manager IV,"Davis, Bauch and Hickle"
Software Engineer II,Feeney Group
Senior Sales Associate,Bradtke Inc
Research Nurse,"Ziemann, Lueilwitz and Schaden"
Environmental Tech,Hoeger-Bergnaum
Web Developer III,"O'Reilly, Pfeffer and Yundt"
Financial Analyst,"Fahey, Okuneva and O'Hara"
Director of Sales,"Oberbrunner, Hackett and Hoppe"
Marketing Assistant,Kirlin Inc
Financial Advisor,"Mann, Mueller and Glover"
Office Assistant I,Wunsch Group
Web Developer III,Brown and Sons
VP Accounting,O'Conner Group
Data Coordinator,Johnson-Quigley
Recruiter,Ondricka-Funk
Operator,Hudson-McLaughlin
Speech Pathologist,Hudson LLC
Structural Analysis Engineer,"Wintheiser, Tillman and Hane"
Media Manager I,Hoppe-Schultz
Business Systems Development Analyst,Langosh and Sons
Payment Adjustment Coordinator,"Skiles, Ullrich and Harris"
Internal Auditor,Stracke Inc
Operator,"Langworth, Fisher and Hettinger"
Account Coordinator,Reinger-Abshire
Chemical Engineer,"Beer, Schowalter and Cruickshank"
Computer Systems Analyst IV,Lemke-Towne
Actuary,Ruecker LLC
VP Quality Control,Baumbach and Sons
Dental Hygienist,"Reinger, Jacobs and Kertzmann"
Office Assistant I,Friesen Inc
Graphic Designer,"Johns, Gerhold and Breitenberg"
Software Test Engineer II,Goyette-Streich
Assistant Media Planner,Waters LLC
Software Engineer I,Wiza LLC
Account Coordinator,Hamill-Dicki
Analog Circuit Design manager,Bernhard-King
Teacher,Schultz-Haley
Director of Sales,"Graham, Reichel and Medhurst"
Assistant Professor,Rohan-Quitzon
Research Associate,Jerde-Stokes
Tax Accountant,"Gislason, Medhurst and Effertz"
Sales Associate,Harvey and Sons
VP Product Management,Spinka-Orn
Civil Engineer,Breitenberg-Towne
Automation Specialist IV,"Kirlin, Reichert and Bayer"
Computer Systems Analyst IV,"Kemmer, Walsh and Quigley"
Senior Quality Engineer,Fritsch-Stark
Occupational Therapist,Williamson and Sons
Research Nurse,Gleichner LLC
Librarian,"Stokes, Roberts and Prosacco"
Marketing Manager,"Breitenberg, Cormier and Thompson"
Senior Financial Analyst,Altenwerth Inc
Business Systems Development Analyst,Abshire-Hammes
Chemical Engineer,Nicolas Group
Senior Quality Engineer,"Wilderman, Brakus and Frami"
Electrical Engineer,White-Jast
GIS Technical Architect,Hermiston Inc
Geologist IV,Reynolds-Fadel
Sales Representative,"Cartwright, Dietrich and Beahan"
Budget/Accounting Analyst I,"Rempel, Cummings and Welch"
Professor,Bailey and Sons
Data Coordinator,"Connelly, Abbott and Schuppe"
Administrative Officer,Keebler Group
Research Nurse,Bayer Group
Budget/Accounting Analyst I,"Aufderhar, Lebsack and Tromp"
Structural Engineer,Frami LLC
Research Nurse,Hirthe Group
Internal Auditor,Hane-Cassin
Senior Cost Accountant,"Emmerich, Feil and Schiller"
General Manager,"Christiansen, D'Amore and O'Connell"
Quality Control Specialist,Emard-Stark
General Manager,"Legros, Roob and Williamson"
Financial Advisor,Braun-Schimmel
Legal Assistant,Rogahn Group
Health Coach IV,Breitenberg-Wuckert
Recruiting Manager,"Kilback, Gulgowski and Collins"
Registered Nurse,Rogahn and Sons
Account Coordinator,"Conn, Skiles and Wiegand"
Senior Financial Analyst,"Hyatt, Bechtelar and Rodriguez"
Analyst Programmer,Reynolds-Koss
VP Product Management,Langosh LLC
Database Administrator IV,Wyman LLC
Community Outreach Specialist,Feest Inc
Environmental Specialist,Halvorson-Walter
Executive Secretary,Pouros-Kuhic
Geologist I,"Labadie, Harris and Howe"
Office Assistant III,"Kerluke, Larkin and Hettinger"
Actuary,"Blanda, Stanton and Russel"
Structural Analysis Engineer,Towne-Roberts
Graphic Designer,"Abbott, Hane and Ledner"
VP Quality Control,"King, Nitzsche and Kuphal"
Project Manager,Mueller Group
Environmental Specialist,Koch and Sons
Media Manager II,Swift-Hodkiewicz
Civil Engineer,Boehm-Davis
Research Assistant III,Padberg-Quigley
Human Resources Assistant I,"Cole, Rohan and Lynch"
Design Engineer,"Rosenbaum, Morar and Labadie"
Registered Nurse,Brekke Inc
Dental Hygienist,Kihn-Gusikowski
Senior Cost Accountant,Feeney Group
Electrical Engineer,Lang Group
Chemical Engineer,"Parker, Franecki and Vandervort"
Software Consultant,Dooley-Watsica
Structural Engineer,Koss LLC
Chemical Engineer,Klocko Group
Senior Sales Associate,Macejkovic LLC
Clinical Specialist,Becker-Osinski
Registered Nurse,"McLaughlin, Wintheiser and Cole"
Professor,Walker-Witting
Marketing Assistant,Howe Inc
Assistant Media Planner,"Ortiz, Farrell and Pfeffer"
Technical Writer,Ritchie Inc
VP Accounting,"Padberg, Paucek and Boyer"
Associate Professor,Schowalter-Macejkovic
Professor,"Osinski, Graham and Bernier"
Help Desk Technician,Howell Group
Quality Engineer,O'Keefe Inc
Speech Pathologist,"Ward, Ondricka and Predovic"
Technical Writer,Nitzsche-Ryan
Professor,Casper Group
Operator,Powlowski LLC
Account Coordinator,Rolfson and Sons
Operator,"Conroy, Breitenberg and Armstrong"
Office Assistant I,Heller-Weissnat
Software Test Engineer III,Labadie Group
Automation Specialist II,Smitham-Sipes
Geologist III,Adams LLC
Environmental Specialist,"Doyle, Herzog and Zboncak"
Sales Representative,"Abbott, Homenick and Jones"
GIS Technical Architect,Von and Sons
Account Coordinator,Lehner-Wolff
Associate Professor,"Emmerich, Terry and McKenzie"
Environmental Specialist,Langworth-Spinka
Assistant Media Planner,Will Inc
Staff Scientist,"Russel, Erdman and Gislason"
Quality Engineer,"Yundt, Schumm and Rowe"
Software Test Engineer III,Bednar LLC
GIS Technical Architect,"Kohler, Purdy and Herzog"
Automation Specialist II,Jacobs-Tillman
Speech Pathologist,"Considine, Roob and Windler"
Financial Analyst,Bernier Group
Professor,Nikolaus-Friesen
Biostatistician I,"Wilderman, Feeney and Conn"
Human Resources Assistant II,Rodriguez Group
Assistant Media Planner,Labadie Inc
Social Worker,"Denesik, Kemmer and VonRueden"
Nurse Practicioner,"Durgan, Powlowski and Robel"
Safety Technician II,"Maggio, Mohr and Conroy"
Sales Representative,"Kunze, Rohan and Bogan"
Quality Control Specialist,Mayer Inc
Software Engineer III,Barton and Sons
VP Sales,Rippin LLC
Financial Analyst,Johnson-Konopelski
Internal Auditor,Walker-Herman
Tax Accountant,Bergnaum Inc
Civil Engineer,King Group
Cost Accountant,"Hickle, Hoppe and Considine"
Compensation Analyst,Cremin and Sons
Senior Financial Analyst,Jerde-Keebler
Physical Therapy Assistant,"O'Kon, Hane and Ebert"
Nurse Practicioner,Hermann Group
Research Assistant III,Okuneva Inc
Registered Nurse,Harris and Sons
Business Systems Development Analyst,Bailey Inc
Office Assistant II,Wisozk Group
Help Desk Technician,"Schneider, Beahan and Cummerata"
Software Engineer IV,Abshire-Kuhlman
Graphic Designer,Gerhold Inc
Pharmacist,Botsford Inc
Cost Accountant,Hessel and Sons
Graphic Designer,"Jast, Zieme and Bergstrom"
Administrative Assistant I,"Gleichner, Beer and Haley"
Paralegal,"Romaguera, Thompson and Ratke"
Pharmacist,Bergnaum-Harris
Analyst Programmer,"Daniel, Collier and Satterfield"
Professor,"Mosciski, Mitchell and Nienow"
Internal Auditor,"Dicki, Batz and Kertzmann"
Chemical Engineer,"Glover, Langosh and Kshlerin"
Assistant Professor,"Pollich, Goldner and Ferry"
Engineer II,"Boehm, Wolff and Ferry"
Automation Specialist II,"Miller, Ankunding and MacGyver"
Office Assistant I,Rath-Thiel
Media Manager IV,Weber LLC
Environmental Specialist,Howe LLC
Office Assistant I,Nitzsche-Sporer
Junior Executive,Simonis and Sons
Research Associate,Beahan-O'Connell
VP Marketing,Bosco-Russel
Systems Administrator I,"Kris, Will and Lesch"
Compensation Analyst,"Rath, Kulas and O'Kon"
Office Assistant I,Fay Inc
Recruiter,"Bauch, Yundt and Hintz"
Computer Systems Analyst III,Ondricka Inc
VP Marketing,"Rolfson, Monahan and Casper"
Technical Writer,Orn Group
Software Engineer III,"Zulauf, Monahan and Bauch"
Assistant Professor,"Rowe, Torp and Ratke"
Senior Editor,Ritchie-Murphy
Database Administrator III,Collier LLC
Food Chemist,Williamson-Feil
Structural Analysis Engineer,"Lemke, Langworth and Ortiz"
Senior Developer,Prosacco and Sons
Safety Technician I,Bernhard-Mann
Physical Therapy Assistant,Hilll Group
Junior Executive,Swift Group
Community Outreach Specialist,Gislason Inc
Graphic Designer,"Smitham, Block and Nolan"
Social Worker,Vandervort-Greenfelder
Database Administrator IV,Runolfsson Group
Recruiting Manager,"Hilll, Orn and Wyman"
Actuary,Beahan and Sons
Software Test Engineer I,Wehner Group
Software Test Engineer II,"Smitham, Homenick and Keeling"
Staff Accountant III,Bednar LLC
Registered Nurse,Mann Inc
Structural Analysis Engineer,Weber Inc
Account Executive,Littel-Grady
Computer Systems Analyst IV,"Hermann, Tillman and Nader"
Quality Control Specialist,"Klocko, McGlynn and Hand"
Tax Accountant,Leuschke and Sons
Product Engineer,"Sauer, Ward and Braun"
Engineer II,Homenick LLC
Financial Analyst,Jerde Group
Compensation Analyst,"Hirthe, Boyer and Corkery"
Safety Technician III,Gulgowski-Weber
Chemical Engineer,Spencer Inc
Financial Analyst,"Crist, Keeling and Schoen"
Research Associate,"Spinka, Buckridge and Kohler"
Assistant Manager,"Russel, Roob and West"
Software Engineer III,Vandervort and Sons
Business Systems Development Analyst,Rutherford Group
Financial Analyst,Dooley-Von
Computer Systems Analyst IV,Bins-Kautzer
Nurse Practicioner,"O'Kon, Wintheiser and Turcotte"
Chief Design Engineer,"Kassulke, Kassulke and Crooks"
Account Coordinator,"Luettgen, Armstrong and Hilpert"
VP Accounting,Auer-Kemmer
Project Manager,Bailey-Smitham
Engineer I,Hoppe and Sons
Project Manager,Kshlerin-Cruickshank
Paralegal,Stamm-Hyatt
Senior Sales Associate,Huels LLC
Project Manager,Hodkiewicz-Macejkovic
Project Manager,"Pfannerstill, Mosciski and Cruickshank"
Help Desk Operator,"Mante, Borer and Torp"
VP Marketing,Hermann-Stehr
Web Designer IV,Blanda-Wintheiser
Assistant Professor,Tromp Group
Computer Systems Analyst II,"Waters, Tremblay and Prohaska"
Environmental Tech,Denesik-Ritchie
Health Coach I,Adams Group
Internal Auditor,"Hane, Kutch and Toy"
Safety Technician II,VonRueden-MacGyver
Environmental Tech,Miller and Sons
Budget/Accounting Analyst IV,"Hessel, Stracke and Boyer"
Assistant Professor,Berge-Ullrich
Research Nurse,Reichert Group
Community Outreach Specialist,"Halvorson, Luettgen and Gislason"
Business Systems Development Analyst,"Wilderman, Senger and Bernhard"
Environmental Specialist,"Hickle, Kuhlman and Crona"
Senior Cost Accountant,Windler-Yost
Professor,Stoltenberg-Leannon
Analog Circuit Design manager,Shields and Sons
Analog Circuit Design manager,Blick and Sons
Media Manager I,"Lueilwitz, Bailey and Johnston"
Analog Circuit Design manager,Lemke-Wisozk
Marketing Assistant,Reichert Group
Accountant III,Sauer and Sons
Desktop Support Technician,Fahey Group
VP Quality Control,"Abernathy, Boyer and Rogahn"
VP Marketing,Breitenberg-Durgan
Tax Accountant,Jerde LLC
Budget/Accounting Analyst II,Von LLC
Engineer II,"Bartoletti, Herzog and Sanford"
Financial Analyst,Wyman-Nicolas
Librarian,Ondricka-Bahringer
Senior Cost Accountant,Legros Group
Structural Engineer,O'Keefe Inc
Physical Therapy Assistant,Weissnat Inc
Account Representative I,Jerde LLC
Recruiting Manager,Champlin Group
Pharmacist,"Mitchell, Zieme and Bergstrom"
Internal Auditor,Gerlach Inc
Legal Assistant,"Dickinson, Wolf and Howe"
Health Coach I,"Mayer, Walter and Greenfelder"
Paralegal,"Hauck, Stracke and Hamill"
Nurse Practicioner,Daugherty-Terry
Director of Sales,Walter Group
Graphic Designer,Kemmer-Miller
Staff Scientist,Littel-Oberbrunner
Programmer III,Kris Inc
Human Resources Assistant IV,"Berge, Braun and Funk"
GIS Technical Architect,"Brekke, Kuvalis and Goldner"
Desktop Support Technician,"Daugherty, Denesik and Jerde"
Biostatistician IV,Mitchell Inc
Programmer Analyst IV,Bogan-Romaguera
Clinical Specialist,Kuvalis-Haley
Accountant II,Carter-Haley
Nurse,"Sanford, DuBuque and Lang"
Pharmacist,"Parisian, Thompson and Lowe"
Occupational Therapist,Lueilwitz-Hettinger
Programmer Analyst I,"Bins, Wunsch and Stoltenberg"
Design Engineer,"Schroeder, Parisian and Rice"
Registered Nurse,Herman and Sons
Financial Advisor,Rice-Padberg
Sales Representative,"McGlynn, Nicolas and Bartoletti"
Staff Accountant I,Gutmann-Greenfelder
Nuclear Power Engineer,Haley-Ernser
VP Quality Control,Lubowitz Group
Paralegal,"O'Keefe, Okuneva and Purdy"
Financial Advisor,Lang LLC
Structural Analysis Engineer,Lubowitz-Leannon
Senior Cost Accountant,Morar-Ferry
Clinical Specialist,Homenick-Gulgowski
Account Executive,"Kautzer, Brown and Hahn"
Editor,Zboncak Inc
Physical Therapy Assistant,Frami-Abernathy
GIS Technical Architect,Emmerich-Hintz
Database Administrator III,Macejkovic-Hayes
Geologist IV,Turcotte-Lind
Financial Advisor,Ferry-Mills
Quality Control Specialist,Murray Inc
GIS Technical Architect,Crist LLC
Environmental Tech,Kautzer-Robel
Staff Accountant III,"Friesen, Dickens and Feil"
Mechanical Systems Engineer,Altenwerth LLC
Help Desk Operator,Walker and Sons
Research Assistant II,"Zieme, Ward and Kihn"
Product Engineer,"Bednar, Waters and Bruen"
Software Engineer II,Carter Inc
Sales Associate,"Kunze, Legros and Littel"
Help Desk Operator,Rogahn Inc
Director of Sales,Bauch Inc
Information Systems Manager,Ratke-Quigley
Information Systems Manager,Fahey-Cruickshank
VP Marketing,Douglas-Brekke
Actuary,Larson Group
Recruiting Manager,Heller Inc
Research Assistant I,"Johnson, Hessel and Ankunding"
Operator,Orn-Lindgren
Account Representative II,"Langosh, Gulgowski and Baumbach"
Chemical Engineer,Price Group
Help Desk Technician,Watsica LLC
Research Nurse,"Donnelly, Murphy and Leannon"
Occupational Therapist,"Harris, Wehner and Kling"
Quality Engineer,Heathcote and Sons
Senior Editor,Lakin Inc
Assistant Media Planner,Buckridge Inc
Dental Hygienist,"Nolan, Hartmann and O'Connell"
Paralegal,"Abbott, Klein and O'Keefe"
Clinical Specialist,"Will, Thiel and Cruickshank"
Nurse,Skiles and Sons
Recruiter,Mohr and Sons
Associate Professor,Braun LLC
Operator,Zieme and Sons
Physical Therapy Assistant,"Wisoky, Bailey and Blick"
Operator,Klein Group
Community Outreach Specialist,Pacocha-Jenkins
Budget/Accounting Analyst II,"Schaden, Klocko and Spencer"
Compensation Analyst,"Klein, Kiehn and Crooks"
General Manager,"VonRueden, Runolfsdottir and Hirthe"
Clinical Specialist,Hayes-Schroeder
Dental Hygienist,"Nienow, Hartmann and Feest"
Paralegal,Champlin-Kreiger
Systems Administrator III,Lemke LLC
Electrical Engineer,Hintz-Bauch
Financial Analyst,"Romaguera, Volkman and Spencer"
Quality Control Specialist,Lind LLC
Recruiter,"Emmerich, Hilpert and Roob"
Assistant Media Planner,Bashirian Inc
Geological Engineer,"Bogisich, Sanford and Dach"
Data Coordinator,Harvey-Kunde
Senior Quality Engineer,Jast-Klocko
Geologist III,Terry LLC
Environmental Tech,"Fadel, Smith and Altenwerth"
Product Engineer,"Willms, Crist and Kessler"
Compensation Analyst,"Wehner, Marquardt and Hauck"
Desktop Support Technician,"Ullrich, Torphy and Schiller"
Account Coordinator,"O'Reilly, Hills and Wilkinson"
Safety Technician I,"Luettgen, Kozey and Walsh"
Business Systems Development Analyst,Treutel Inc
Project Manager,"Schumm, Schamberger and Lueilwitz"
Web Developer I,"Becker, Greenholt and Hoeger"
Human Resources Assistant II,Raynor-Braun
Administrative Assistant III,Torp-Ledner
Financial Advisor,"Terry, Glover and Hoppe"
Marketing Manager,"Feil, Schinner and Brekke"
Executive Secretary,Powlowski and Sons
Developer I,Heaney-Wiegand
Technical Writer,Turcotte-Klein
Community Outreach Specialist,"Nienow, Conn and Herman"
Chief Design Engineer,Moore-Wintheiser
Librarian,Mohr-Beahan
Registered Nurse,Lemke-Grady
Engineer III,"Crist, Kulas and Purdy"
VP Product Management,"Turner, Heaney and Rice"
Senior Sales Associate,Satterfield and Sons
Software Consultant,Konopelski-Hammes
Financial Advisor,Bernier Inc
Media Manager II,Kemmer-Romaguera
Environmental Specialist,Ratke Inc
Director of Sales,"Schumm, Stehr and Mante"
Sales Associate,Koss-Langworth
Business Systems Development Analyst,Runolfsdottir Group
Occupational Therapist,Cremin-Wisoky
Librarian,Blanda-Upton
Librarian,"Krajcik, Zemlak and Lowe"
Marketing Assistant,Bogisich-Hoppe
Engineer IV,Anderson Group
Accountant II,Pollich-Rice
Developer IV,Quitzon Inc
Dental Hygienist,"Goldner, Champlin and Stamm"
Librarian,Muller-Bashirian
Librarian,Konopelski LLC
Legal Assistant,Lueilwitz Inc
Help Desk Technician,Ernser-Schaden
Director of Sales,Dietrich-Murazik
Financial Advisor,"Botsford, Hegmann and Runte"
Analog Circuit Design manager,"Effertz, Bechtelar and Leffler"
Marketing Manager,Casper Inc
Database Administrator IV,Hoppe-Murray
Human Resources Assistant III,Schaden-Lehner
VP Accounting,Funk LLC
Engineer III,Schimmel-Larson
Payment Adjustment Coordinator,Denesik-Rau
Payment Adjustment Coordinator,Gleichner-Wehner
Web Developer I,Lebsack and Sons
Senior Developer,"Beatty, Rowe and Rippin"
VP Marketing,"West, Goldner and Dicki"
Account Executive,Von-Schmeler
Senior Quality Engineer,Schuster-Adams
Research Associate,Emmerich-Jast
Marketing Manager,West-Kautzer
Nuclear Power Engineer,"Fadel, Streich and Feeney"
Physical Therapy Assistant,Bauch Inc
Senior Developer,Beahan-Brown
Developer III,Dooley-Lowe
Product Engineer,Morissette Group
Sales Associate,"Paucek, Russel and King"
Senior Developer,"Murazik, Rosenbaum and Boyer"
Editor,Tromp Group
Analog Circuit Design manager,"Hyatt, Feil and Schaefer"
Business Systems Development Analyst,"Mueller, Watsica and Hackett"
Computer Systems Analyst IV,"Quitzon, Lakin and Cruickshank"
Librarian,Hintz Inc
Administrative Assistant II,Doyle LLC
Research Nurse,"Farrell, Shanahan and Metz"
Software Test Engineer III,Gulgowski LLC
Cost Accountant,"Bashirian, Balistreri and Wyman"
Health Coach II,"Funk, Langosh and Watsica"
Editor,"Schmidt, Gorczany and Schoen"
Web Designer III,Kozey and Sons
VP Marketing,"Rath, Crist and Kautzer"
Senior Developer,Orn and Sons
GIS Technical Architect,White LLC
Assistant Media Planner,O'Kon and Sons
VP Product Management,"Pfannerstill, Turner and Prohaska"
Senior Financial Analyst,Purdy LLC
Structural Analysis Engineer,Quitzon LLC
Database Administrator II,Morissette LLC
Geological Engineer,"Lehner, Friesen and Williamson"
Associate Professor,Bechtelar LLC
Social Worker,Jones-Beier
Quality Control Specialist,Bernier-Crist
Administrative Officer,"Nienow, Koepp and Schimmel"
Librarian,"Hansen, Parisian and Hagenes"
VP Sales,Quigley LLC
Physical Therapy Assistant,"Kuhlman, Krajcik and Bergstrom"
Junior Executive,Corkery and Sons
Librarian,"Brown, DuBuque and Bednar"
Human Resources Manager,"Fritsch, Zieme and Howell"
Civil Engineer,"Lockman, White and Jones"
VP Quality Control,Schamberger Group
Food Chemist,"Kiehn, Balistreri and Howe"
Food Chemist,"McKenzie, Sporer and Zemlak"
Information Systems Manager,"Reynolds, Goldner and Jaskolski"
Senior Editor,Towne and Sons
Information Systems Manager,"Watsica, McKenzie and Braun"
Senior Developer,Walter-Hills
Programmer Analyst II,"Ledner, Kautzer and Greenfelder"
Structural Engineer,"Jenkins, Zboncak and Lowe"
Developer III,Ernser-Morissette
Senior Quality Engineer,Purdy-Kovacek
Quality Control Specialist,"Little, Stamm and Schmeler"
